created,date,subreddit,id,body,parent_id,score
1612783184.0,2021-02-08,wallstreetbets,gmkkmmg,GME thread: https://reddit.com/r/wallstreetbets/comments/lf9rdy/gme_megathread_for_mon_28/,t3_lf9huy,1
1612798462.0,2021-02-08,wallstreetbets,gml8pas,I don't need a husband or a boyfriend anymore with the way this AMC is going down on me.,t3_lf9huy,356
1612782692.0,2021-02-08,wallstreetbets,gmkk3j3,Imagine being a ğŸ»,t3_lf9huy,146
1612785606.0,2021-02-08,wallstreetbets,gmkndxm,"Stonk go up 2%: +$5,000

Stonk go down 2%: -$10,000

Every time",t3_lf9huy,270
1612806561.0,2021-02-08,wallstreetbets,gmlqjyf,"This sub really doesn't recognize the insane growth potential of shares. As someone holding 3 AMZN shares since August, I have now made a whopping $6. 

Will I need to hire an accountant for the capital gains filing?",t3_lf9huy,107
1612788466.0,2021-02-08,wallstreetbets,gmkr1ks,"PLTR up 8% premarket
Covered calls expired last Friday out of money
Everything coming up millhouse",t3_lf9huy,112
1612782565.0,2021-02-08,wallstreetbets,gmkjypk,"You can tell only WSB OG's are online right now, and Im proud of y'all ğŸ˜¤",t3_lf9huy,574
1612795596.0,2021-02-08,wallstreetbets,gml2tsh,I have this weird talent that whenever I buy i stock it goes down,t3_lf9huy,190
1612792411.0,2021-02-08,wallstreetbets,gmkx2zr,.,t3_lf9huy,343
1612806013.0,2021-02-08,wallstreetbets,gmlpazz,[deleted],t3_lf9huy,73
1612797280.0,2021-02-08,wallstreetbets,gml67pl,AMC stock more disappointing than the time I bought their large popcorn and it was 85% crumbs,t3_lf9huy,72
1612812044.0,2021-02-08,wallstreetbets,gmm2wd6,The day I turned 18 I took all 6k of my savings and bought GME at 430,t3_lf9huy,67
1612791817.0,2021-02-08,wallstreetbets,gmkw2y9,PLTR about to fucking rip today,t3_lf9huy,72
1612789735.0,2021-02-08,wallstreetbets,gmksutk,TSLA PUT 1.5 BILLION IN EVERYONES FAVORITE DIGITAL ASSET,t3_lf9huy,72
1612802254.0,2021-02-08,wallstreetbets,gmlguuu,"I WILL NOT FOMO INTO OCGN . IT WILL CRASH WHEN I DO 

I WILL NOT FOMO INTO OCGN . IT WILL CRASH WHEN I DO 

I WILL NOT FOMO INTO OCGN . IT WILL CRASH WHEN I DO 

I WILL NOT FOMO INTO OCGN . IT WILL CRASH WHEN I DO",t3_lf9huy,65
1612785029.0,2021-02-08,wallstreetbets,gmkmpn7,I hope everyone has a great week with lots of green lines and dollar signs.,t3_lf9huy,284
1612791370.0,2021-02-08,wallstreetbets,gmkvcyp,Sector rotation back into true memes. Blackberry and palantir to the moon,t3_lf9huy,60
1612791764.0,2021-02-08,wallstreetbets,gmkvzuz,Another day of staring at my portfolio all day and doing no work ğŸ¤‘,t3_lf9huy,175
1612787686.0,2021-02-08,wallstreetbets,gmkpzmi,"Daily thread slow as shit?

A range of different tickers being mentioned?

Feels good to be back you autists.",t3_lf9huy,177
1612800651.0,2021-02-08,wallstreetbets,gmlddhz,"Made $9.23 past hour, this is better than Wendyâ€™s",t3_lf9huy,55
1612800309.0,2021-02-08,wallstreetbets,gmlcmzn,I miss u/zjz,t3_lf9huy,56
1612818274.0,2021-02-08,wallstreetbets,gmmgqaj,[deleted],t3_lf9huy,49
1612810728.0,2021-02-08,wallstreetbets,gmlzyi0,YOLOing on OCGN when it's already up over 200% and then asking why it's dumping is a power retard move.,t3_lf9huy,48
1612798591.0,2021-02-08,wallstreetbets,gml8z7c,"BB isnt a meme. It will not grow by 10% a day. But it will grow. Many of paper hands have bought in at higher stock prices during the BANG meme. This will mean it will be a rocky climb. If they have diamond hands... It just means a stronger support at higher PTs.


Don't believe the meme. Believe in BB DD. ğŸš€ğŸŒ™ğŸğŸ",t3_lf9huy,49
1612793753.0,2021-02-08,wallstreetbets,gmkzei0,If Elon would just buy $1.5B worth of my wife's dreamcatchers on Etsy we'd be in very good shape,t3_lf9huy,102
1612815282.0,2021-02-08,wallstreetbets,gmma2zl,"People who invest $500: ""I dunno guys, is the DD really accurate, I'm worried this might be a bubble or a pump & dump. How do I know it's not all bullshit? I am trying to invest for my future here and need to make sure my money is being invested wisely. After 7 hours of googling this stock I am getting very concerned about the potential risks.""

People who invest $50,000: ""I like the stock.""",t3_lf9huy,42
1612812730.0,2021-02-08,wallstreetbets,gmm4fmg,WHOS GOT ZOM?!?!? ğŸš€ğŸš€ğŸš€ğŸš€ğŸš€,t3_lf9huy,44
1612809600.0,2021-02-08,wallstreetbets,gmlxep4,Got my account to over 30k today. Feels goods,t3_lf9huy,40
1612787522.0,2021-02-08,wallstreetbets,gmkprxs,PLTR calls?,t3_lf9huy,48
1612805797.0,2021-02-08,wallstreetbets,gmlota0,"Friendly reminder to the newbies, you're gonna miss more plays than you catch.  Don't go too hard on some shit that might have already left the station 

You know, assuming GME and AMC didn't already teach you that fucking lesson enough",t3_lf9huy,43
1612803683.0,2021-02-08,wallstreetbets,gmlk1pl,I want to FOMO into OCGN but I know itâ€™s going to crash as soon as I do,t3_lf9huy,47
1612795918.0,2021-02-08,wallstreetbets,gml3gor,$BB is a fucking beast,t3_lf9huy,44
1612790985.0,2021-02-08,wallstreetbets,gmkur9v,Buying PLTR under 50 and holding for 10 yrs will be the best decision you'll ever make,t3_lf9huy,41
1612790640.0,2021-02-08,wallstreetbets,gmku7wv,"If you want diversification that bad, just buy PLTR on a few different platforms",t3_lf9huy,157
1612794972.0,2021-02-08,wallstreetbets,gml1mco,[deleted],t3_lf9huy,84
1612811607.0,2021-02-08,wallstreetbets,gmm1xbd,[deleted],t3_lf9huy,36
1612810079.0,2021-02-08,wallstreetbets,gmlyhpp,[deleted],t3_lf9huy,38
1612809215.0,2021-02-08,wallstreetbets,gmlwjjb,"Guys if you saw a stock blast past itâ€™s records high today and see people hyping it up, you missed the boat. Donâ€™t be a bag holder.",t3_lf9huy,38
1612809152.0,2021-02-08,wallstreetbets,gmlwe9i,All these new members legit piss me off thinking that this is as easy as chasing green candles. I work hard to lose my money here dammit!,t3_lf9huy,35
1612806347.0,2021-02-08,wallstreetbets,gmlq2l7,OCGN $5000 EOW ğŸ¤¡,t3_lf9huy,37
1612805776.0,2021-02-08,wallstreetbets,gmlorn0,"Never forgiving myself for not getting out at the top of gamestop 

fumbled a hundred bagger",t3_lf9huy,36
1612796403.0,2021-02-08,wallstreetbets,gml4fx5,*pokes AMC with a stick*,t3_lf9huy,78
1612794473.0,2021-02-08,wallstreetbets,gml0p3w,"I would be a multimillionaire by now, if only i was a good trader",t3_lf9huy,76
1612795951.0,2021-02-08,wallstreetbets,gml3j0t,AMC put rocks in its pockets and jumped off a cliff,t3_lf9huy,35
1612795326.0,2021-02-08,wallstreetbets,gml2aq6,Holding BB for a few months. Tired of being too early on some plays,t3_lf9huy,35
1612808874.0,2021-02-08,wallstreetbets,gmlvrky,"Lmao.  So many of y'all just fomo'd so hard at OCGN.  You're supposed to buy low not hig.... Ah, nvm.",t3_lf9huy,30
1612797885.0,2021-02-08,wallstreetbets,gml7hb6,AMC IS FUCKING MEğŸ˜‹,t3_lf9huy,65
1612804035.0,2021-02-08,wallstreetbets,gmlktpr,[deleted],t3_lf9huy,31
1612803698.0,2021-02-08,wallstreetbets,gmlk2wn,OCGN we like the stock,t3_lf9huy,39
1612803649.0,2021-02-08,wallstreetbets,gmljyw8,Ocgn ğŸš€ğŸš€ğŸš€ğŸš€ğŸš€ğŸš€ğŸš€ğŸš€,t3_lf9huy,34
1612803585.0,2021-02-08,wallstreetbets,gmljtnn,Did ocgn cure world hunger ? Wtf,t3_lf9huy,34
1612802015.0,2021-02-08,wallstreetbets,gmlgbwb,Fuck I miss the old WSB so much,t3_lf9huy,34
1612793995.0,2021-02-08,wallstreetbets,gmkzu15,[deleted],t3_lf9huy,29
1612792384.0,2021-02-08,wallstreetbets,gmkx1bu,"Even reading DDs are fucking cringy these days. All I ever see on here is, to the moon this, and the next GME! 
I miss just discussing tickers, and Why. Hearing people's input. But the full retards have taken over the retards. Never go full retard.",t3_lf9huy,30
1612782905.0,2021-02-08,wallstreetbets,gmkkbqe,"German here , we keep buying !",t3_lf9huy,168
1612827122.0,2021-02-08,wallstreetbets,gmmzi5a,Does anyone else feel like AMC is just floating around like a bad smell?,t3_lf9huy,25
1612818141.0,2021-02-08,wallstreetbets,gmmgfso,Thats the bell boys. Wrap it up. Go home. Kiss your wife. Beat your kids. Be back here at 9:30 sharp tomorrow morning,t3_lf9huy,25
1612816745.0,2021-02-08,wallstreetbets,gmmdawn,The GME thread is in full blown denial,t3_lf9huy,29
1612815077.0,2021-02-08,wallstreetbets,gmm9mqu,Bought ZOM hopefully this isn't the top,t3_lf9huy,25
1612814928.0,2021-02-08,wallstreetbets,gmm9b0z,"the two worst types of people are
1. Forex Traders
2. Dodge Ram Owners",t3_lf9huy,27
1612813870.0,2021-02-08,wallstreetbets,gmm6zda,Some of you fuckers need to learn that a 5 cent increase isnâ€™t â€œmooningâ€ fucking comments like XYZ is mooning! Making me check stock and itâ€™s up a few cents,t3_lf9huy,29
1612812016.0,2021-02-08,wallstreetbets,gmm2u2f,ZOM ZOM bitches ğŸ˜,t3_lf9huy,28
1612811417.0,2021-02-08,wallstreetbets,gmm1hta,80% of OCGN buyers donâ€™t even know why itâ€™s spiking,t3_lf9huy,24
1612810952.0,2021-02-08,wallstreetbets,gmm0gki,OCGN pls,t3_lf9huy,27
1612809158.0,2021-02-08,wallstreetbets,gmlwer3,11k at ocgn at the top ğŸ˜,t3_lf9huy,28
1612795191.0,2021-02-08,wallstreetbets,gml21ef,bought AMC at 15 so fucking negative rn,t3_lf9huy,109
1612805672.0,2021-02-08,wallstreetbets,gmloj53,OCGN so big dick they announced a direct offering above the share price at the time,t3_lf9huy,27
1612805643.0,2021-02-08,wallstreetbets,gmlogn9,When you didn't buy OCGN @ 10. Guess I really hate money ğŸ¤¡,t3_lf9huy,29
1612805625.0,2021-02-08,wallstreetbets,gmlofar,How many people are going to end up buying OCGN at the top?,t3_lf9huy,27
1612804988.0,2021-02-08,wallstreetbets,gmlmz3n,Thank you OCGN for helping me make up losses on that AMC bullshit,t3_lf9huy,25
1612795204.0,2021-02-08,wallstreetbets,gml2295,"BB is doing so well, thanks BB ğŸ™ƒ",t3_lf9huy,57
1612803713.0,2021-02-08,wallstreetbets,gmlk40u,Yes go OCGN!!!,t3_lf9huy,33
1612803644.0,2021-02-08,wallstreetbets,gmljyjp,Some drunk dude told me about OCGN at a bar on Saturday I shouldâ€™ve listened,t3_lf9huy,29
1612817075.0,2021-02-08,wallstreetbets,gmme1ga,Yoloâ€™d 2k into ZOM cause fuck it,t3_lf9huy,24
1612803488.0,2021-02-08,wallstreetbets,gmljm0m,Why is OCGN flying,t3_lf9huy,29
1612803267.0,2021-02-08,wallstreetbets,gmlj44w,Someone said 0CGN on Friday and I didn't listen.  Regerts.,t3_lf9huy,26
1612801714.0,2021-02-08,wallstreetbets,gmlfoc3,#OCGN ğŸ¤¯ğŸ¤¯ğŸ¤¯ğŸ¤¯ğŸ¤¯,t3_lf9huy,28
1612826210.0,2021-02-08,wallstreetbets,gmmxolu,"If you are making money trading you are not a real trader. 

Its all about that adrenaline rush of losing everything at open.

Only real traders understand.",t3_lf9huy,24
1612808345.0,2021-02-08,wallstreetbets,gmlukhd,Was holding 1120 shares of OCGN from Aug-Dec.  Sold when I finally broke even after months of bag holding when it hit $0.51.  Next time I am going to do myself a favor and take 1120 shots of bleach instead. ![gif](emote|free_emotes_pack|cry),t3_lf9huy,23
1612806213.0,2021-02-08,wallstreetbets,gmlprhz,OCUGEN 20$ soon,t3_lf9huy,25
1612805859.0,2021-02-08,wallstreetbets,gmloyfb,"No matter how much money I make, I will find a way to lose it",t3_lf9huy,24
1612805349.0,2021-02-08,wallstreetbets,gmlnsli,[deleted],t3_lf9huy,25
1612803425.0,2021-02-08,wallstreetbets,gmljgy6,Bought OCGN at 13 whats uppp,t3_lf9huy,24
1612794771.0,2021-02-08,wallstreetbets,gml190v,"BB shifting away from the trash, letâ€™s goo",t3_lf9huy,26
1612802876.0,2021-02-08,wallstreetbets,gmli8k1,FOMOâ€™d into OCGN Letâ€™s get it,t3_lf9huy,23
1612794431.0,2021-02-08,wallstreetbets,gml0mfd,Why does 9:20-9:30 literally take an hour,t3_lf9huy,26
1612794091.0,2021-02-08,wallstreetbets,gml00an,Ark calls are literally free money lmao unreal,t3_lf9huy,27
1612793627.0,2021-02-08,wallstreetbets,gmkz67s,PLTR I knew you were still a meme stock at heart ğŸ˜Š,t3_lf9huy,27
1612782254.0,2021-02-08,wallstreetbets,gmkjn56,"wake up u american retards, germany is doing his part - dont fuck it up again ğŸ¤²ğŸ»ğŸ’",t3_lf9huy,330
1612791173.0,2021-02-08,wallstreetbets,gmkv1r3,rip everyone with pltr covered calls,t3_lf9huy,25
1612796777.0,2021-02-08,wallstreetbets,gml56wc,"Ooooof, this sub $6 AMC is some kind of hurt!!",t3_lf9huy,25
1612805903.0,2021-02-08,wallstreetbets,gmlp1vt,OCGN straight up on a hippie speedball today,t3_lf9huy,22
1612786554.0,2021-02-08,wallstreetbets,gmkojqj,"I've been shilling PLTR since November and some of you losers were calling it a spreadsheet company. 

Who's laughing now? Me and my spreadsheets, that's who.",t3_lf9huy,55
1612803764.0,2021-02-08,wallstreetbets,gmlk85n,OCGN gonna break 20 today?,t3_lf9huy,26
1612815466.0,2021-02-08,wallstreetbets,gmmahgs,Idk what ZOM is but Iâ€™m all in until we got to the moon,t3_lf9huy,22
1612790698.0,2021-02-08,wallstreetbets,gmkub34,Why didnâ€™t I buy more PLTR :/,t3_lf9huy,24
1612805624.0,2021-02-08,wallstreetbets,gmlof5m,[removed],t3_lf9huy,23
1612805067.0,2021-02-08,wallstreetbets,gmln5j2,[deleted],t3_lf9huy,21
1612803722.0,2021-02-08,wallstreetbets,gmlk4qj,Bruh what the fuck is up with ocugen?,t3_lf9huy,23
1612803254.0,2021-02-08,wallstreetbets,gmlj32q,OCGN is blowing the fuck up yo,t3_lf9huy,22
1612802297.0,2021-02-08,wallstreetbets,gmlgy6t,Just bought some OCGN letâ€™s see what happens!,t3_lf9huy,21
1612814235.0,2021-02-08,wallstreetbets,gmm7sn2,[deleted],t3_lf9huy,24
1612799520.0,2021-02-08,wallstreetbets,gmlay9b,I AM FINALLY IN THE GREEN AFTER BEING IN THE RED SINCE APRIL!!! PRAISE BE TO APHA GAINS!!!,t3_lf9huy,23
1612808489.0,2021-02-08,wallstreetbets,gmluw9f,"If youâ€™re bagholding GME and think that jumping over to OCGN right now will make your money back, you havenâ€™t learned a single thing.",t3_lf9huy,45
1612809196.0,2021-02-08,wallstreetbets,gmlwhxn,For every OCGN there are 30 securities these r/pennystock retards strikeout on.,t3_lf9huy,21
1612806099.0,2021-02-08,wallstreetbets,gmlpi1c,"Was holding OCGN since December at an average of $2.
Sold at today's open for 11. I'm an absolute ğŸ¤¡",t3_lf9huy,46
1612808215.0,2021-02-08,wallstreetbets,gmlu9mu,"OCGN, buy the dip while you can",t3_lf9huy,21
1612790250.0,2021-02-08,wallstreetbets,gmktmci,PLTR $40 EOD IS NOT A MEME,t3_lf9huy,23
1612790190.0,2021-02-08,wallstreetbets,gmktizp,PLTR 38 I came,t3_lf9huy,24
1612795462.0,2021-02-08,wallstreetbets,gml2kd5,PLTR: Return of the Meme,t3_lf9huy,21
1612805617.0,2021-02-08,wallstreetbets,gmloelr,BB and PLTR rn are steals. Basivally free money,t3_lf9huy,21
1612795291.0,2021-02-08,wallstreetbets,gml28as,BB/PLTR is the FUTURE.,t3_lf9huy,21
1612789477.0,2021-02-08,wallstreetbets,gmkshjx,Elon please have another spliff on Rogan so I can grab TSLA,t3_lf9huy,22
1612789374.0,2021-02-08,wallstreetbets,gmksc9f,PALANTIRğŸ¤‘ğŸ¤‘ğŸ¤‘,t3_lf9huy,22
1612804905.0,2021-02-08,wallstreetbets,gmlmsen,OCGN GOT IN ON THURSDAY AT $3 LETS DROPOUT OF SCHOOL!!!!!!!!!!!!,t3_lf9huy,21
1612794248.0,2021-02-08,wallstreetbets,gml0ail,PLTR and IBM's partnership is only the beginning. PLTR's foundry platform will make all major companies that aren't AMZN or GOOGL fomo into PLTR.,t3_lf9huy,23
1612820501.0,2021-02-08,wallstreetbets,gmmln30,"Whoever on here told me months ago to buy into Aphria, thanksğŸš€ğŸš€ğŸš€",t3_lf9huy,20
1612815401.0,2021-02-08,wallstreetbets,gmmacb1,"SNDL coming back to life, nice",t3_lf9huy,20
1612814994.0,2021-02-08,wallstreetbets,gmm9g7p,Elon Musk just yolo'd $1.5B of Tesla's cash.,t3_lf9huy,20
1612814430.0,2021-02-08,wallstreetbets,gmm88e5,#I sold 10000 shares of OCGN at 30 cent back in October ğŸ¤¡,t3_lf9huy,21
1612791719.0,2021-02-08,wallstreetbets,gmkvx7i,TSLA getting long ladder attacked,t3_lf9huy,22
1612790246.0,2021-02-08,wallstreetbets,gmktm4f,Pltr just got a nice looking boner,t3_lf9huy,23
1612808313.0,2021-02-08,wallstreetbets,gmluhvk,Ok Iâ€™m in on OCGN. Managed to lower my average share price from $18.50 to $17.21 on that dip. 600 shares,t3_lf9huy,20
1612789851.0,2021-02-08,wallstreetbets,gmkt0uq,PLTR UP 10% LOL LETS GO,t3_lf9huy,22
1612795534.0,2021-02-08,wallstreetbets,gml2pfo,BB bounce yo ass back up already,t3_lf9huy,21
1612806213.0,2021-02-08,wallstreetbets,gmlprij,Man ogcn is taking off again wtfğŸ˜‚,t3_lf9huy,20
1612805969.0,2021-02-08,wallstreetbets,gmlp7bq,OCGN ğŸš€ğŸš€ğŸš€ğŸš€ğŸš€ğŸš€ğŸš€ 2.8bil cap not a damn penny stock,t3_lf9huy,20
1612788947.0,2021-02-08,wallstreetbets,gmkrpz6,IBM ain't no middle of the mall shit. PLTR bout to go Intergalactic,t3_lf9huy,21
1612793924.0,2021-02-08,wallstreetbets,gmkzpkr,Back from my hiatus and ready to make trades deemed â€œextremely irresponsibleâ€,t3_lf9huy,21
1612803320.0,2021-02-08,wallstreetbets,gmlj8hd,[deleted],t3_lf9huy,20
1612801981.0,2021-02-08,wallstreetbets,gmlg9ch,Omg who ever recommended OCUGEN at 5$ let me suck your dick,t3_lf9huy,20
1612791286.0,2021-02-08,wallstreetbets,gmkv867,"This sub has gone to shit. We allow shares now? 

If it doesnâ€™t expire worthless I donâ€™t want it ğŸ˜¤",t3_lf9huy,43
1612800913.0,2021-02-08,wallstreetbets,gmldxvy,"$APHA run is just starting.... 

1. Merger w TLRY
2. U.S. weed legalization
3. U.S. weed banking reform
4. European expansion (largest and only facility in Germany!), footprint in Portugal, Malta and other countries
5. Biggest LP in Canada (highest revenues, biggest % of market share)
6. Strong management, already profitable, great execution

Do your own DD but this is a chance to get in early (before real takeoff!)",t3_lf9huy,19
1612792286.0,2021-02-08,wallstreetbets,gmkwv5s,BB looking right healthy.,t3_lf9huy,20
1612785583.0,2021-02-08,wallstreetbets,gmkncxn,"Every single thing in my portfolio is green

I'm gonna fuck the absolute shit out of my wife's boyfriend's wife",t3_lf9huy,70
1612814559.0,2021-02-08,wallstreetbets,gmm8iej,I love having almost $10K in shares in one stock for weeks with $80 profit. What a safe investment,t3_lf9huy,18
1612811999.0,2021-02-08,wallstreetbets,gmm2sqb,ZOM on a mad one,t3_lf9huy,20
1612810524.0,2021-02-08,wallstreetbets,gmlzhvp,[deleted],t3_lf9huy,18
1612832889.0,2021-02-08,wallstreetbets,gmnanpv,Sundials was the way,t3_lf9huy,18
1612789840.0,2021-02-08,wallstreetbets,gmkt09n,PLTR ripping,t3_lf9huy,20
1612789837.0,2021-02-08,wallstreetbets,gmkt030,PLTR HOLY,t3_lf9huy,21
1612808807.0,2021-02-08,wallstreetbets,gmlvm0t,"All the normies went back to r/latestagecapitalism

Bye ğŸ‘‹",t3_lf9huy,19
1612808273.0,2021-02-08,wallstreetbets,gmluejr,ocgn today is making me realize how impulsive most day traders are,t3_lf9huy,19
1612807206.0,2021-02-08,wallstreetbets,gmls08c,I was down 2k this morning now up $7,t3_lf9huy,20
1612806199.0,2021-02-08,wallstreetbets,gmlpq9k,OCGN 20 EOD,t3_lf9huy,18
1612805928.0,2021-02-08,wallstreetbets,gmlp3zb,"fucking hell, ocgn.",t3_lf9huy,18
1612805916.0,2021-02-08,wallstreetbets,gmlp30a,"Looking at OCGNâ€™s 5 year chart is...bizarre.

Any insight as to why the stock was $175.20 on 8/31/2018 and dropped to $42.90 a week later on 9/7/2018?",t3_lf9huy,19
1612782242.0,2021-02-08,wallstreetbets,gmkjmnr,"Ever since I bought GME, every weekday has been so exciting hahaha",t3_lf9huy,259
1612804060.0,2021-02-08,wallstreetbets,gmlkvr3,Thank God for OCGN,t3_lf9huy,20
1612804055.0,2021-02-08,wallstreetbets,gmlkvbm,OCGN holy shit,t3_lf9huy,20
1612803945.0,2021-02-08,wallstreetbets,gmlkmlp,[deleted],t3_lf9huy,19
1612803843.0,2021-02-08,wallstreetbets,gmlkeew,"bought 8,000 shares of OCGN at $3.27 and then sold at $5.15, this hurts",t3_lf9huy,19
1612803662.0,2021-02-08,wallstreetbets,gmljzx0,"So we're all buying the top today, right?",t3_lf9huy,19
1612803599.0,2021-02-08,wallstreetbets,gmljuqz,Ocgn just won't stop. Sold too early because I was afraid of a drop.,t3_lf9huy,19
1612801900.0,2021-02-08,wallstreetbets,gmlg2yq,"Buy PLTR, new deal with IBM. Potential is now through the roof!",t3_lf9huy,19
1612804583.0,2021-02-08,wallstreetbets,gmlm1vt,OCGN up 200% today up 750% in a week. Huge companies buying millions of shares,t3_lf9huy,37
1612815405.0,2021-02-08,wallstreetbets,gmmacly,[deleted],t3_lf9huy,18
1612803018.0,2021-02-08,wallstreetbets,gmlik3k,I just actually read a GME bagholder say that people who turned a profit really lost because theyâ€™ll have to pay taxes. Just what the fuck,t3_lf9huy,40
1612799100.0,2021-02-08,wallstreetbets,gmla1ur,"I swear, everytime I buy a stock, it loses money. Anyone want a discount. Tell me what I should buy so I can make it dip for you.",t3_lf9huy,19
1612814136.0,2021-02-08,wallstreetbets,gmm7knj,[deleted],t3_lf9huy,17
1612813706.0,2021-02-08,wallstreetbets,gmm6m8n,what exactly is this ZOM shit,t3_lf9huy,19
1612813484.0,2021-02-08,wallstreetbets,gmm648n,If youâ€™re losing money today you might actually be retarded,t3_lf9huy,17
1612783205.0,2021-02-08,wallstreetbets,gmkknhq,Itâ€™s fine to gamble a bit with meme stocks. But make sure your main position is in TSLA.,t3_lf9huy,22
1612811114.0,2021-02-08,wallstreetbets,gmm0tf5,"Day 15 or something of occupywallstreetbets, the apes discovered that other stonks go up too and their numbers continue to wane. 

Today, they discovered a combination of letters reading: ocgn, a bio company which mooned well over 100% in a span of hours. Fresh from their dopamine sports betting rush from the night prior, the apes load their bags. 

Fearful, they cower. The melbots press on",t3_lf9huy,18
1612810887.0,2021-02-08,wallstreetbets,gmm0bfi,ZOM headed to the stratosphere,t3_lf9huy,18
1612789720.0,2021-02-08,wallstreetbets,gmksu0x,Goddamn this market is fucking nuts. My boomer retirement account is up nearly 10% in 2021.,t3_lf9huy,19
1612795267.0,2021-02-08,wallstreetbets,gml26n3,BBğŸš€ğŸš€,t3_lf9huy,20
1612795248.0,2021-02-08,wallstreetbets,gml25fd,GO **BB** GO ğŸš€ğŸš€ğŸš€,t3_lf9huy,19
1612788817.0,2021-02-08,wallstreetbets,gmkrj3g,"Dear media,

please don't call us Flashmob investors.

Nobody used the word Flashmob in the last 5 years.

To say it with words you understand: ""It's totally cringe""",t3_lf9huy,21
1612806252.0,2021-02-08,wallstreetbets,gmlpuol,Ocugen making up my GME FOMO loss wooooooo,t3_lf9huy,17
1612794029.0,2021-02-08,wallstreetbets,gmkzwb3,TSLA is BTC now,t3_lf9huy,18
1612804222.0,2021-02-08,wallstreetbets,gmll8o2,Whoâ€™s buying this OCUGEN dip?,t3_lf9huy,18
1612804041.0,2021-02-08,wallstreetbets,gmlku89,OCUGENğŸ’ğŸ’ğŸ’ğŸ’ğŸ’ğŸ˜‹ğŸ˜‹ğŸ˜‹ğŸš€ğŸš€ğŸš€ğŸš€ğŸš€ğŸ’ğŸ’ğŸ’ğŸ’ğŸ’ğŸ’,t3_lf9huy,19
1612787163.0,2021-02-08,wallstreetbets,gmkpbcg,Buckle up Palantards,t3_lf9huy,20
1612801599.0,2021-02-08,wallstreetbets,gmlffgk,Blackberry!!!!!!!!!! FORWARD!!!!!!!!!!,t3_lf9huy,18
1612800346.0,2021-02-08,wallstreetbets,gmlcptc,"PLTR Bull:

Today they announced a partnership with IBM. IBM will get access to Palantir AI and other  tools. Palantir will now have access to a massively-widened customer  base from IBM. This is absolutely massive news for PLTR and bodes well  for earnings coming up in a week. Hop on board. Probably will not be sub  $50 for very much longer.",t3_lf9huy,17
1612816750.0,2021-02-08,wallstreetbets,gmmdbc6,I bought SNDL at 1.25 last week.  I'm really hoping for a strong run over the next couple weeks because my arms were getting kind of heavy.,t3_lf9huy,17
1612799532.0,2021-02-08,wallstreetbets,gmlazal,[deleted],t3_lf9huy,18
1612805578.0,2021-02-08,wallstreetbets,gmlobdy,"If you've bought a shitload of OCGN today, type up a 7 paragraph bullshit DD post on how it has high institutional holding, lotta shorts and high upside and watch the GME/AMC people pump that shit up another 200%",t3_lf9huy,58
1612798502.0,2021-02-08,wallstreetbets,gml8sf8,"Imagine losing money when the market is on EZ mode. 

Me ğŸ¤¡",t3_lf9huy,19
1612813773.0,2021-02-08,wallstreetbets,gmm6rm1,"PLTR & strong opening but fading into close

name a more iconic duo",t3_lf9huy,16
1612790087.0,2021-02-08,wallstreetbets,gmktddb,Wow congrats TSLA and crypt holders.,t3_lf9huy,19
1612812137.0,2021-02-08,wallstreetbets,gmm33sj,Man ZOM is taking off!!!,t3_lf9huy,16
1612811846.0,2021-02-08,wallstreetbets,gmm2gk6,PLTR is legit the only stock that will go +15% by 10:30 and then end at +0%.,t3_lf9huy,17
1612811738.0,2021-02-08,wallstreetbets,gmm27ro,[deleted],t3_lf9huy,18
1612811369.0,2021-02-08,wallstreetbets,gmm1dx5,"Bought OCGN at 18.30

Jesus Christ I am snakebit",t3_lf9huy,17
1612811080.0,2021-02-08,wallstreetbets,gmm0qqx,Iâ€™m a fucking dumbass,t3_lf9huy,16
1612795907.0,2021-02-08,wallstreetbets,gml3fvq,[deleted],t3_lf9huy,17
1612808565.0,2021-02-08,wallstreetbets,gmlv2hh, A diversified portfolio will protect you from gains.,t3_lf9huy,16
1612806860.0,2021-02-08,wallstreetbets,gmlr8ad,Tell me why I shouldnâ€™t FOMO OCGN,t3_lf9huy,16
1612806844.0,2021-02-08,wallstreetbets,gmlr731,Do you think Q was wrong about gme squeeze? Did he lie to us?,t3_lf9huy,16
1612806475.0,2021-02-08,wallstreetbets,gmlqcx9,Iâ€™m trying to stare OCGN to 20 and itâ€™s working.,t3_lf9huy,16
1612806259.0,2021-02-08,wallstreetbets,gmlpv8l,OCGN 20 inc ğŸš€,t3_lf9huy,16
1612830172.0,2021-02-08,wallstreetbets,gmn5gk3,Fractional shares are for cucks. Buy a real share pussy,t3_lf9huy,15
1612805913.0,2021-02-08,wallstreetbets,gmlp2o6,Why did OCGN pop? I want to buy but also no way am I gonna fomo like a homo,t3_lf9huy,17
1612805002.0,2021-02-08,wallstreetbets,gmln08j,OCGN baby wow,t3_lf9huy,17
1612804851.0,2021-02-08,wallstreetbets,gmlmnyu,Bought 1200 shares of ocugen at $3 and sold at $5. AMA ğŸ¤¡,t3_lf9huy,15
1612803786.0,2021-02-08,wallstreetbets,gmlk9vz,"AMC killed meğŸ˜

APHA & TLRY to the rescueğŸ¤“",t3_lf9huy,17
1612803772.0,2021-02-08,wallstreetbets,gmlk8sf,We need an OCUGEN thread,t3_lf9huy,18
1612792088.0,2021-02-08,wallstreetbets,gmkwj49,PLTRRRRRRRRRRRR,t3_lf9huy,18
1612819474.0,2021-02-08,wallstreetbets,gmmjdq2,Finally BB slowly moving away from the meme stocks that it shouldnâ€™t be lumped with,t3_lf9huy,16
1612813776.0,2021-02-08,wallstreetbets,gmm6ru4,Is it worth it to hop into Zom rn??,t3_lf9huy,34
1612800143.0,2021-02-08,wallstreetbets,gmlcabe,Wonder how many people in this thread are avoiding family members due to questions like son are we going to get our money back?,t3_lf9huy,16
1612818293.0,2021-02-08,wallstreetbets,gmmgrr3,Looking at the GME data itâ€™s pretty clear the HFâ€™s are utilizing the Full Anal Nelson Short Ladder Attack,t3_lf9huy,16
1612818107.0,2021-02-08,wallstreetbets,gmmgczh,CRSR and APHA- Bring me to the promise land,t3_lf9huy,16
1612817871.0,2021-02-08,wallstreetbets,gmmftvx,PLTRğŸš€ SNDLğŸš€,t3_lf9huy,17
1612817017.0,2021-02-08,wallstreetbets,gmmdwv3,[deleted],t3_lf9huy,16
1612789824.0,2021-02-08,wallstreetbets,gmksze5,Pltr always saves my account from blowing up. Mahn. We love this gift that keeps giving,t3_lf9huy,19
1612814468.0,2021-02-08,wallstreetbets,gmm8ber,BB THE TIME IS NOW,t3_lf9huy,16
1612812863.0,2021-02-08,wallstreetbets,gmm4qee,Bought 50 shares of ZOM!,t3_lf9huy,16
1612810872.0,2021-02-08,wallstreetbets,gmm0a8j,"MRNA vs OCGN

Strain specific vs Full virus

-40c vs 2c storage temp",t3_lf9huy,15
1612810163.0,2021-02-08,wallstreetbets,gmlyokm,OCGN will be on the daily movers list twice in 2 days!  Wow!,t3_lf9huy,14
1612809989.0,2021-02-08,wallstreetbets,gmlyahz,"GME is like a one night stand you fucked 2 weeks ago

but it came back thinking you are its soul mate and in a relationship

now its standing outside your house saying she will never leave

and how you're ""cheating"" on her with other girls

prove me wrong",t3_lf9huy,16
1612809913.0,2021-02-08,wallstreetbets,gmly4ae,Not too late to buy ocgn dip,t3_lf9huy,17
1612809000.0,2021-02-08,wallstreetbets,gmlw1s7,Predictions on what happens to OCGN during power hour?,t3_lf9huy,18
1612794967.0,2021-02-08,wallstreetbets,gml1m18,BB flying ğŸš€ğŸš€ğŸš€ğŸš€ğŸš€ğŸš€ğŸš€ğŸš€ğŸš€,t3_lf9huy,17
1612808513.0,2021-02-08,wallstreetbets,gmluy7t,Palantir is going to rule the world. Palantir killed OBL,t3_lf9huy,16
1612794798.0,2021-02-08,wallstreetbets,gml1au9,People are selling PLTR *after* a partnership???? Lmaooo ğŸ¤¡ğŸ¤¡ğŸ¤¡ğŸ¤¡ğŸ¤¡,t3_lf9huy,18
1612794237.0,2021-02-08,wallstreetbets,gml09sd,Iâ€™ve told yâ€™all PLTR would moon this week!!,t3_lf9huy,16
1612794021.0,2021-02-08,wallstreetbets,gmkzvrr,[deleted],t3_lf9huy,17
1612805368.0,2021-02-08,wallstreetbets,gmlnu7s,The gap between APHA and Tilray is too big for the merger price theyâ€™re getting. Itâ€™s literally free money,t3_lf9huy,15
1612805298.0,2021-02-08,wallstreetbets,gmlnoe0,OCGN thoughts ? Invested at $3 . How long should I n n hold apes,t3_lf9huy,17
1612792896.0,2021-02-08,wallstreetbets,gmkxwr1,Wow... really wish I loaded up more on PLTR...,t3_lf9huy,17
1612804347.0,2021-02-08,wallstreetbets,gmlliov,PALANTARDS STAND UP!,t3_lf9huy,16
1612804255.0,2021-02-08,wallstreetbets,gmllb8f,Damn BB is worth 29 based on Zacks all aboard that 100+ return,t3_lf9huy,15
1612804187.0,2021-02-08,wallstreetbets,gmll5uc,Imagine you bought OCGN in 2014 lmao ğŸ¤£,t3_lf9huy,16
1612804054.0,2021-02-08,wallstreetbets,gmlkv86,Bought OCGN at $12.11 sold at $16.38.  Fine for me,t3_lf9huy,16
1612803878.0,2021-02-08,wallstreetbets,gmlkh6a,Liking Ocgn,t3_lf9huy,16
1612803661.0,2021-02-08,wallstreetbets,gmljzua,AMD actually doing something today,t3_lf9huy,17
1612803464.0,2021-02-08,wallstreetbets,gmljk4h,OCGN is (well) over $1B mkt cap as of this AM so no need to be surreptitious,t3_lf9huy,15
1612803357.0,2021-02-08,wallstreetbets,gmljbiv,OCGN ğŸ‘€ğŸ‘€ğŸ‘€,t3_lf9huy,15
1612803256.0,2021-02-08,wallstreetbets,gmlj387,"Apha and TLRY just flat out printing, MSOS too",t3_lf9huy,17
1612791993.0,2021-02-08,wallstreetbets,gmkwdfn,next step for PLTR 100 to come to fruitition is to convert their assets to internet money too,t3_lf9huy,18
1612786439.0,2021-02-08,wallstreetbets,gmkoeje,"So we went from over 500k online, to 150k (albeit its PM) but still... could we be returning to the old days?

Find out on the next episode of WSB: The Chronicles of the Autists",t3_lf9huy,18
1612791326.0,2021-02-08,wallstreetbets,gmkvagc,Pltr finally going to pluto!!! Hope everyone loaded up last week,t3_lf9huy,17
1612822226.0,2021-02-08,wallstreetbets,gmmpfah,Why did I sell PLUG Why did I sell NIO Why did I sell SQ Why did I sell NET Why did I buy GME,t3_lf9huy,14
1612821915.0,2021-02-08,wallstreetbets,gmmoqw2,"Random ass casual DD from Thursday 5xâ€™d my money in OCGN, youâ€™re the real MVP whoever that was",t3_lf9huy,16
1612790944.0,2021-02-08,wallstreetbets,gmkup2w,TSLA CALLS ARE BACK ON THE TABLE BOYS,t3_lf9huy,18
1612790124.0,2021-02-08,wallstreetbets,gmktfe0,Congrats faithful Palantards. Never sell this stock. Only buy.,t3_lf9huy,16
1612787312.0,2021-02-08,wallstreetbets,gmkpi70,Mods can we have a PLTR megathread instead?,t3_lf9huy,56
1612818115.0,2021-02-08,wallstreetbets,gmmgdof,"Can we maybe get a 2nd green day
ğŸ¥ºğŸ‘‰ğŸ»ğŸ‘ˆğŸ»",t3_lf9huy,15
1612818025.0,2021-02-08,wallstreetbets,gmmg6db,$APHA going brr right now,t3_lf9huy,15
1612816983.0,2021-02-08,wallstreetbets,gmmdu25,GME thread has cult-like behavior. Prove me wrong,t3_lf9huy,15
1612789632.0,2021-02-08,wallstreetbets,gmkspg0,I would love a +6% TSLA today like the good old days,t3_lf9huy,16
1612815391.0,2021-02-08,wallstreetbets,gmmabkh,"ZOM because Iâ€™m bored. And it kind of reminds me of Invader Zim.

I miss that show.",t3_lf9huy,15
1612815312.0,2021-02-08,wallstreetbets,gmma58k,SNDL looking nice.,t3_lf9huy,14
1612815254.0,2021-02-08,wallstreetbets,gmma0og,Yall said ZOM $10 EOM?,t3_lf9huy,17
1612789069.0,2021-02-08,wallstreetbets,gmkrwbm,"Elon tweets about one fake internet money while really buying the others.

MASTER MANIPULATOR

SUCK
ELONâ€™S 
COCK",t3_lf9huy,17
1612814045.0,2021-02-08,wallstreetbets,gmm7d9o,**Don't let your losses dominate your life.**,t3_lf9huy,14
1612796541.0,2021-02-08,wallstreetbets,gml4pww,If PLTR hits triple digits this year Iâ€™ll tattoo their logo around my chocolate starfish,t3_lf9huy,16
1612812509.0,2021-02-08,wallstreetbets,gmm3xvs,"If 6 months back you told me weâ€™d be close to SPY 400, Iâ€™d be like oh that sounds reasonable  youâ€™re pretty knowledgeable",t3_lf9huy,14
1612812106.0,2021-02-08,wallstreetbets,gmm31bz,"On Fri I contemplated buying OCGN when it was hovering around $5. Then I thought,  ""nah, it's already up like 100% today, it'll pullback hard."" Then of course it moons another 200% today. Story of my life.",t3_lf9huy,16
1612812052.0,2021-02-08,wallstreetbets,gmm2wz6,SPY 400 FDs purchased,t3_lf9huy,15
1612811944.0,2021-02-08,wallstreetbets,gmm2ofb,what the fuck is ZOM and why is it mooning,t3_lf9huy,16
1612796818.0,2021-02-08,wallstreetbets,gml59s1,Anyone still holding onto AMC and NOK with me?,t3_lf9huy,79
1612810838.0,2021-02-08,wallstreetbets,gmm07ij,Whose holding CRSR through earnings?,t3_lf9huy,16
1612810820.0,2021-02-08,wallstreetbets,gmm062x,BB letâ€™s gooooo,t3_lf9huy,15
1612794933.0,2021-02-08,wallstreetbets,gml1jv4,$PLTR to $69,t3_lf9huy,16
1612794914.0,2021-02-08,wallstreetbets,gml1ike,Pltr bby still holding ğŸ¤ ,t3_lf9huy,16
1612794466.0,2021-02-08,wallstreetbets,gml0ooc,Pltr 10 percent. Those are rookie numbers. We wanna see 20 percent!!,t3_lf9huy,16
1612794334.0,2021-02-08,wallstreetbets,gml0g26,"AAPL is due for a +10 Green Day. Not today, but some day.",t3_lf9huy,17
1612794320.0,2021-02-08,wallstreetbets,gml0f4v,Cathie Wood do you need a toyboy?,t3_lf9huy,17
1612786883.0,2021-02-08,wallstreetbets,gmkoymt,PLTR and BB is the play this week boyzğŸš€ğŸš€ğŸš€,t3_lf9huy,68
1612808259.0,2021-02-08,wallstreetbets,gmludeg,"This is a healthy dip for OCGN, stairway to heaven",t3_lf9huy,17
1612787479.0,2021-02-08,wallstreetbets,gmkppw2,Shout out whoever it was that put me on PLTR last week.,t3_lf9huy,17
1612791581.0,2021-02-08,wallstreetbets,gmkvp2a,Wait are we back on? This almost feels like old WSB don't give me hope,t3_lf9huy,34
1612791551.0,2021-02-08,wallstreetbets,gmkvnb0,"Palantir is teaming up with IBM. Fly, PLTR, fly away to tendie town.",t3_lf9huy,34
1612793452.0,2021-02-08,wallstreetbets,gmkyv3k,Cramer is such a little bitch boy,t3_lf9huy,16
1612793392.0,2021-02-08,wallstreetbets,gmkyrad,"Havign a kid has really put a damper on get my real job done by 930 so that I can spend all my time on finding fds

SPY 400c. Back to the basics",t3_lf9huy,16
1612791205.0,2021-02-08,wallstreetbets,gmkv3l1,PLTR is looking hot hot hot,t3_lf9huy,37
1612806583.0,2021-02-08,wallstreetbets,gmlqlqq,If Disney hits $250 on earnings my wifeâ€™s bf told me I can name the next cat mando!!,t3_lf9huy,15
1612806301.0,2021-02-08,wallstreetbets,gmlpyta,I didnâ€™t get in on OCGN since Iâ€™m transferring from Robin Hood and I also thought it was too late at 100% but enjoy guys. Wild gains.,t3_lf9huy,14
1612793130.0,2021-02-08,wallstreetbets,gmkyb4g,NOK me up BB,t3_lf9huy,16
1612806172.0,2021-02-08,wallstreetbets,gmlpnzu,OCGN slay queen,t3_lf9huy,16
1612790504.0,2021-02-08,wallstreetbets,gmku0dw,"PLTR exploding pre market on the IBM news.

ğŸ» Are fucked",t3_lf9huy,33
1612804355.0,2021-02-08,wallstreetbets,gmllja6,Ocugen.,t3_lf9huy,14
1612804323.0,2021-02-08,wallstreetbets,gmllgq7,OCGN HYPEEE,t3_lf9huy,15
1612804260.0,2021-02-08,wallstreetbets,gmllbof,Palantir partnering with IBM should serve as a reassurance that the company is looking to aggressively expand beyond government contracts and claim a spot in â€œbig techâ€. Earnings 2/16,t3_lf9huy,16
1612792165.0,2021-02-08,wallstreetbets,gmkwnvs,"That feeling when you have a shitty customer service job because you're not qualified to do much else, and you make more money with the market than your job.",t3_lf9huy,16
1612804006.0,2021-02-08,wallstreetbets,gmlkrh8,Wow I was gonna buy OGCN in premarket at 9$ look at it now ğŸš€,t3_lf9huy,15
1612791957.0,2021-02-08,wallstreetbets,gmkwbar,TSLA back to 1k soon,t3_lf9huy,15
1612803609.0,2021-02-08,wallstreetbets,gmljvm3,All in on BB.,t3_lf9huy,17
1612803340.0,2021-02-08,wallstreetbets,gmlja32,Ocgn ğŸ’ âœ‹ğŸ¼ ğŸš€ ğŸŒ ğŸ¦ ğŸ¦ ğŸ¦,t3_lf9huy,14
1612791743.0,2021-02-08,wallstreetbets,gmkvyn3,[deleted],t3_lf9huy,17
1612803316.0,2021-02-08,wallstreetbets,gmlj86u,So nothing is stopping APHA?,t3_lf9huy,16
1612803304.0,2021-02-08,wallstreetbets,gmlj749,Ocgn,t3_lf9huy,15
1612803274.0,2021-02-08,wallstreetbets,gmlj4qf,Ocugen is looking pretty good right now. Might go to the  ğŸŒ•,t3_lf9huy,15
1612791480.0,2021-02-08,wallstreetbets,gmkvj9m,TSLA over $900 EOD,t3_lf9huy,16
1612789596.0,2021-02-08,wallstreetbets,gmksnl6,[deleted],t3_lf9huy,31
1612801359.0,2021-02-08,wallstreetbets,gmlewpm,"Starting to see bears in the wild again. A good sign the market is stabilizing. 

Also bears r fuk",t3_lf9huy,15
1612790703.0,2021-02-08,wallstreetbets,gmkubdl,PLTRğŸš€ğŸš€ğŸš€ my calls looking super juicy ğŸ’¦,t3_lf9huy,15
1612790170.0,2021-02-08,wallstreetbets,gmkthy0,[deleted],t3_lf9huy,16
1612790144.0,2021-02-08,wallstreetbets,gmktgg1,[deleted],t3_lf9huy,16
1612790028.0,2021-02-08,wallstreetbets,gmkta6m,"Who loves Musky the most?

1. Aunt Cathie
2. Grimes
3. WSB
4. ME",t3_lf9huy,16
1612790019.0,2021-02-08,wallstreetbets,gmkt9p7,My average in PLTR is $27 should I go for more ?,t3_lf9huy,16
1612799240.0,2021-02-08,wallstreetbets,gmlacmv,"# I'm not saying you should buy PLTR

# 

# Actually, yes I am. Buy PLTR.",t3_lf9huy,16
1612818697.0,2021-02-08,wallstreetbets,gmmhnsq,Finally hit pdt today,t3_lf9huy,14
1612818123.0,2021-02-08,wallstreetbets,gmmgebh,700 CRSR shares at 46 LESGOOOOOOOOO,t3_lf9huy,15
1612789274.0,2021-02-08,wallstreetbets,gmks76c,Are you looking for good buys? PLTR and YALA.,t3_lf9huy,16
1612798085.0,2021-02-08,wallstreetbets,gml7wmq,"FUCK OCGN, canâ€™t believe I sold my shit at 0.8 ğŸ˜ğŸ˜ğŸ˜ğŸ˜",t3_lf9huy,15
1612789206.0,2021-02-08,wallstreetbets,gmks3nh,Bears rooting for mutant rona over humanity. Absolutely disgraceful.,t3_lf9huy,15
1612797727.0,2021-02-08,wallstreetbets,gml75fv,GME is the worst thing to happen to BB...,t3_lf9huy,16
1612787571.0,2021-02-08,wallstreetbets,gmkpu94,PLTR partnering with IBM.,t3_lf9huy,37
1612815712.0,2021-02-08,wallstreetbets,gmmb12v,ARK invest got a squad of bad bitches on payroll,t3_lf9huy,14
1612782727.0,2021-02-08,wallstreetbets,gmkk4vo,"$BB Let's go. 

Let's see if can hold the premarket gains. Usually dives at open.",t3_lf9huy,38
1612796938.0,2021-02-08,wallstreetbets,gml5ime,"BB recovering from the ""culling of the memestonks"" nicely - hope to see it above $14.50 by eow.",t3_lf9huy,15
1612815138.0,2021-02-08,wallstreetbets,gmm9rka,Would love if PLTR would stop fading....,t3_lf9huy,14
1612814791.0,2021-02-08,wallstreetbets,gmm90dl,BRO IF BB ENDS UP HIGHER THAN 14 itâ€™s over,t3_lf9huy,14
1612814671.0,2021-02-08,wallstreetbets,gmm8r3q,BLACK BERRY LETS GOOOOOO,t3_lf9huy,14
1612814427.0,2021-02-08,wallstreetbets,gmm884l,[deleted],t3_lf9huy,13
1612813602.0,2021-02-08,wallstreetbets,gmm6dwn,Tesla fucking me in the ass,t3_lf9huy,13
1612813494.0,2021-02-08,wallstreetbets,gmm6530,"I think what most people get wrong about this sub, the originals anyway, is that we make dumb plays because we donâ€™t know any better or are new to investing. We donâ€™t play FDâ€™s or far OTM short calls because itâ€™s smart. We play because itâ€™s a dopamine hit when it works. Itâ€™s like doubling down on 14 when the dealer is showing 19. When that 6 gets flipped over 1 out of 100 times, you literally beat the odds. Itâ€™s a rush. Weâ€™re not stupid,weâ€™re regarded. We are nihilists.",t3_lf9huy,14
1612813195.0,2021-02-08,wallstreetbets,gmm5h2q,Just used all my spending cash in $ZOM,t3_lf9huy,16
1612812965.0,2021-02-08,wallstreetbets,gmm4yir,ZOM TO 3,t3_lf9huy,15
1612812501.0,2021-02-08,wallstreetbets,gmm3x6y,Just got 100 shares of Zom. Fuck it who knows anymore in this meme market,t3_lf9huy,14
1612788007.0,2021-02-08,wallstreetbets,gmkqev3,"People tell me to do my own DD. But my own DD is just finding other peopleâ€™s DD. And their DD is likely finding othersâ€™ DD. 

(1/2)",t3_lf9huy,17
1612811901.0,2021-02-08,wallstreetbets,gmm2l0w,"Loom at ZOM, gonna break $3 then rocket",t3_lf9huy,14
1612811858.0,2021-02-08,wallstreetbets,gmm2hhd,ZOM ZOM NOMING ON MON MON,t3_lf9huy,14
1612810727.0,2021-02-08,wallstreetbets,gmlzydt,I really hope we donâ€™t have a â€œhold the lineâ€ trend for everything. Take your profits and go somewhere else thereâ€™s so much to make money on,t3_lf9huy,14
1612809763.0,2021-02-08,wallstreetbets,gmlxs3b,PLTR 10 trillion Zimbabwean dollars EOM,t3_lf9huy,13
1612793502.0,2021-02-08,wallstreetbets,gmkyyar,If you fuck with Tim Apple in anyway but leaps he will fuck you right back.,t3_lf9huy,15
1612786809.0,2021-02-08,wallstreetbets,gmkov9x,Iâ€™m here to drink bubble tea and buy TSLA calls. And Iâ€™m all out of bubble tea.,t3_lf9huy,16
1612806486.0,2021-02-08,wallstreetbets,gmlqdsb,O GEN is rocketing right nowğŸš€ğŸš€ğŸš€ğŸš€ğŸš€ğŸš€ğŸš€ğŸš€ğŸš€ğŸš€ğŸš€ğŸš€ğŸš€ğŸš€ğŸ’–ğŸš€,t3_lf9huy,14
1612806429.0,2021-02-08,wallstreetbets,gmlq94t,"How do all you fucks have OCGN?  Strange that I never heard about it until it popped 200%.

Edit: LOL I don't trade pennystocks.  I got more than $30 in my bank account.",t3_lf9huy,14
1612806412.0,2021-02-08,wallstreetbets,gmlq7v1,OCGN taking on the GME refugees,t3_lf9huy,15
1612792538.0,2021-02-08,wallstreetbets,gmkxapb,"CNBC just showed an ad for gold ğŸ˜‚ğŸ˜‚ğŸ˜‚

We will NOT bail out the boomers",t3_lf9huy,14
1612806070.0,2021-02-08,wallstreetbets,gmlpfms,Nothing is funnier when big banks give each other sell ratings. Totally unbiased,t3_lf9huy,15
1612792466.0,2021-02-08,wallstreetbets,gmkx6az,[deleted],t3_lf9huy,16
1612805787.0,2021-02-08,wallstreetbets,gmloshz,[deleted],t3_lf9huy,13
1612783990.0,2021-02-08,wallstreetbets,gmklitn,Obligatory to the bots scraping this sub for stock tips: $COCK ğŸš€ğŸš€ğŸš€ğŸš€ to the moon ğŸŒ,t3_lf9huy,18
1612805668.0,2021-02-08,wallstreetbets,gmloisk,Itâ€™s incredible how everything I paper hand moons and everything I hang on to drills to the core of the earth.,t3_lf9huy,14
1612805244.0,2021-02-08,wallstreetbets,gmlnjxa,Moment of silence for people who sold OCGN at $2,t3_lf9huy,14
1612804936.0,2021-02-08,wallstreetbets,gmlmuva,"Mods, pls OCGN thread if it hits $20 eod",t3_lf9huy,13
1612804133.0,2021-02-08,wallstreetbets,gmll1ht,"Everyone in Ocugen, all the normie are asking if it's too late to get in. Sell now, top is in",t3_lf9huy,15
1612803980.0,2021-02-08,wallstreetbets,gmlkpde,OCGN is approved and distributing vaccine in India right? And is looking to apply to fda for approval for use in US. India is packed with like half the worlds population so im guessing this is why its doing this. Sadly i sold my 300 shares 3 weeks ago at $2.60 to fomo into GME.,t3_lf9huy,13
1612803971.0,2021-02-08,wallstreetbets,gmlkooc,I wonder if Onlyfans ever IPO'd if they'd grab the ticker OFACE?,t3_lf9huy,15
1612803770.0,2021-02-08,wallstreetbets,gmlk8mz,Why is ocgn pumping?,t3_lf9huy,13
1612803583.0,2021-02-08,wallstreetbets,gmljthg,Is there any gas left in OCGN seems risky to jump in now haha,t3_lf9huy,15
1612803409.0,2021-02-08,wallstreetbets,gmljfq3,Ocugen letâ€™s rolll,t3_lf9huy,15
1612803408.0,2021-02-08,wallstreetbets,gmljfmh,OCGN hit 16,t3_lf9huy,14
1612803291.0,2021-02-08,wallstreetbets,gmlj638,BB flyyyyyy plssss,t3_lf9huy,13
1612807400.0,2021-02-08,wallstreetbets,gmlsg1u,Is OCGN gonna speedrun a GME trajectory,t3_lf9huy,30
1612802453.0,2021-02-08,wallstreetbets,gmlhait,[deleted],t3_lf9huy,14
1612802191.0,2021-02-08,wallstreetbets,gmlgpyi,Ocugen 15$ inbound next target 20$,t3_lf9huy,15
1612801711.0,2021-02-08,wallstreetbets,gmlfo3h,OCUGEN BEST STONK GOOD STONK WE LIKE THE STONK OCUGEN GOOD STONKKLLK!!!! ğŸ“ˆğŸ“ˆğŸ“ˆğŸ“ˆğŸ“ˆğŸ“ˆğŸ“ˆğŸ“ˆğŸ“ˆğŸ“ˆğŸ“ˆğŸ“ˆğŸ“ˆğŸ“ˆğŸ“ˆğŸ“ˆğŸ“ˆğŸ“ˆğŸ“ˆğŸ“ˆğŸ“ˆğŸ“ˆğŸ“ˆğŸ“ˆ,t3_lf9huy,15
1612805525.0,2021-02-08,wallstreetbets,gmlo74b,Volume on this sub has plummeted... thank god,t3_lf9huy,29
1612790387.0,2021-02-08,wallstreetbets,gmkttx9,"""The new product, Palantir for IBM Cloud Pak for Data, is planned for general availability in March of 2021.""",t3_lf9huy,15
1612800538.0,2021-02-08,wallstreetbets,gmld4ps,$ZOM anyone in on this ride to the moon?,t3_lf9huy,13
1612803536.0,2021-02-08,wallstreetbets,gmljpt5,"#OCGN ğŸš€

Well... [that escalated quickly ](https://imgur.com/a/5eM1htN) ğŸ¤¯",t3_lf9huy,29
1612803518.0,2021-02-08,wallstreetbets,gmljodp,OCGN TO 100,t3_lf9huy,29
1612799681.0,2021-02-08,wallstreetbets,gmlbarh,Itâ€™s almost been a year since the crash we had back in February/March. Damn. What a fucking waste of a year Iâ€™ve had,t3_lf9huy,14
1612798419.0,2021-02-08,wallstreetbets,gml8m14,PLTR meme season 2,t3_lf9huy,13
1612819442.0,2021-02-08,wallstreetbets,gmmjbay,"This feels like the roaring 20's. They ended Great, from what I can remember.",t3_lf9huy,13
1612797651.0,2021-02-08,wallstreetbets,gml6znl,[removed],t3_lf9huy,14
1612818079.0,2021-02-08,wallstreetbets,gmmgaqz,"prayers for crsr. god willing, we will be eating steaks tomorrow.",t3_lf9huy,13
1612818012.0,2021-02-08,wallstreetbets,gmmg5b1,#PENCILS DOWN RETARDANTS!,t3_lf9huy,12
1612818006.0,2021-02-08,wallstreetbets,gmmg4s3,"Stages of a Bull Market:

1. denial
2. anger
3. bargaining - Bears are here
4. depression
5. acceptance",t3_lf9huy,13
1612817887.0,2021-02-08,wallstreetbets,gmmfv63,OCGN FLYING!,t3_lf9huy,13
1612817821.0,2021-02-08,wallstreetbets,gmmfpue,"Really sad that I learned nothing about stocks in school, and I'm getting an education by experimenting with buying stocks today, and reading the conversations in this sub with you lot of apes. Learning all kinds of terminology and how to make really bad stock decisions.",t3_lf9huy,13
1612815352.0,2021-02-08,wallstreetbets,gmma8hm,UPVOTE IF YOU IN SNDL AND/OR PLTR,t3_lf9huy,51
1612817558.0,2021-02-08,wallstreetbets,gmmf4tg,"Alright all you eager mcbeavers, who's ending green today?! ğŸ™‹â€â™‚ï¸



(If you're in GME gang, don't raise your hands. You're fucking lying.)",t3_lf9huy,13
1612817018.0,2021-02-08,wallstreetbets,gmmdwwi,"If you arenâ€™t PLTR gang, you ainâ€™t black",t3_lf9huy,13
1612815958.0,2021-02-08,wallstreetbets,gmmbkq6,Jesus Christ everyone at ARK is hot as fuck,t3_lf9huy,13
1612796124.0,2021-02-08,wallstreetbets,gml3vmc,"Opinions on Ocugen, Inc. (OCGN)?

&#x200B;

Ocugen is a biopharma company that normally specializes in developing treatments for blindness. However, it was announced a couple days ago that they had reached a deal with Indian pharma company Bharat Biotech to be the exclusive developer/distributor for Bharatâ€™s COVID-19 vaccine candidate, Covaxin, in the US market. It already has emergency approval in India and appears to be having success, while also holding some advantages over other vaccines on the market, most notably that it can be stored at 2-8 degrees Celsius.

&#x200B;

[https://finance.yahoo.com/news/ocugen-bharat-biotech-announce-execution-142700880.html](https://finance.yahoo.com/news/ocugen-bharat-biotech-announce-execution-142700880.html)

&#x200B;

This news caused the stock to shoot up 70%+ since 2/2. I became interested in the stock for its future potential, since if it manages to win over significant contracts in the US it could propel the stock even higher, so I started doing my due diligence. In doing so I found something very odd. A few years ago this stock, which went from $1.70 to \~$3.50 in the past couple days, was worth nearly $150 in late 2018. Before that it was worth $500-600 back in 2015. The price of the stock steadily declined for a few years but was relatively stable from the end of 2016 to late 2018. But then, in September 2018, it fell off a cliff and in less than 6 months it tumbled nearly 170% by Feb. 2019 and never recovered. Iâ€™ve been trying to search old articles to determine what happened at that juncture but Iâ€™m drawing blanks. Did anyone else have their eye on this one or have any recollection about what happened during that time frame?",t3_lf9huy,13
1612815190.0,2021-02-08,wallstreetbets,gmm9vn1,[deleted],t3_lf9huy,13
1612815126.0,2021-02-08,wallstreetbets,gmm9qlk,Love it when PLTR spike 10% at opening and then ending the day up 2% ğŸ˜»ğŸ˜»,t3_lf9huy,13
1612783919.0,2021-02-08,wallstreetbets,gmklfyj,BB worth it now?,t3_lf9huy,34
1612794723.0,2021-02-08,wallstreetbets,gml15w8,Holy fuck... I am so fucking stupid. I thought I sold covered calls on PLTR.... I actually bought calls and they're up 150% hahahhahaha holy fuck I am an idiot,t3_lf9huy,44
1612814721.0,2021-02-08,wallstreetbets,gmm8v2c,any retards care to explain ZOM to me?,t3_lf9huy,13
1612814682.0,2021-02-08,wallstreetbets,gmm8ryd,320 shares of ZOM because i am a sheep. yolo,t3_lf9huy,14
1612814195.0,2021-02-08,wallstreetbets,gmm7pdn,Wish I would of bought more Zom when I got in last week :(,t3_lf9huy,13
1612795578.0,2021-02-08,wallstreetbets,gml2siq,OCGN was 30 cents 2 months ago. Now itâ€™s $12 fuck,t3_lf9huy,14
1612814172.0,2021-02-08,wallstreetbets,gmm7nip,"I spend cumulatively maybe 2h a day worrying about investing. I spend like 8-10h a day, 7 days a week working (I own the business). Lately I've been making more investing and wondering:

1 - why the fuck do I work when the return on effort is so much lower than investing

2 - what would happen if I spent all that time and energy focused on investing

Then I remember that I'd probably lose my bankroll and have no job to fall back on.",t3_lf9huy,13
1612813689.0,2021-02-08,wallstreetbets,gmm6kvu,Playing with PLTR this week,t3_lf9huy,14
1612813176.0,2021-02-08,wallstreetbets,gmm5fjg,JAN â€˜22 $50 PLTR calls all day,t3_lf9huy,13
1612813035.0,2021-02-08,wallstreetbets,gmm545q,Petition to rename WSB to BagHoldersAnon,t3_lf9huy,12
1612812859.0,2021-02-08,wallstreetbets,gmm4q25,ZOMG!!!!!,t3_lf9huy,13
1612797260.0,2021-02-08,wallstreetbets,gml666w,GME thread is like a North Korean Workers Party meeting.,t3_lf9huy,27
1612812363.0,2021-02-08,wallstreetbets,gmm3m3x,ZOM goin crazy!,t3_lf9huy,14
1612811918.0,2021-02-08,wallstreetbets,gmm2mcu,Get in ZOM before it explodes past $3,t3_lf9huy,14
1612811567.0,2021-02-08,wallstreetbets,gmm1tzb,Why the FUCK has PLTR been on a steady decline all day.,t3_lf9huy,12
1612794242.0,2021-02-08,wallstreetbets,gml0a1p,Marketâ€™s back on easy mode ğŸš€ğŸš€ğŸš€,t3_lf9huy,15
1612811126.0,2021-02-08,wallstreetbets,gmm0uf0,Anyone else not use stop losses,t3_lf9huy,12
1612811015.0,2021-02-08,wallstreetbets,gmm0lk2,"NIO preparing its monthly moon mission ğŸ¤©ğŸš€

NIO to $100 eoy",t3_lf9huy,14
1612810367.0,2021-02-08,wallstreetbets,gmlz538,Everyone already started dumping their OCGN. ğŸ˜‚,t3_lf9huy,12
1612810115.0,2021-02-08,wallstreetbets,gmlykk7,I'm starting to think you people are laughing at my crippling losses. What kind of a sick place is this? All the fellas on my minecraft server said you guys were smart.,t3_lf9huy,13
1612809863.0,2021-02-08,wallstreetbets,gmly08z,Palantards stand with Palantir âœŠğŸ¼,t3_lf9huy,14
1612795659.0,2021-02-08,wallstreetbets,gml2ybp,"At the rate Iâ€™m buying the AMC dips, Iâ€™ll be a majority shareholder soon. Help",t3_lf9huy,32
1612793254.0,2021-02-08,wallstreetbets,gmkyiqr,I think if Tesla calls print big time today - that would mean this sub is coming back to normalcy,t3_lf9huy,14
1612808851.0,2021-02-08,wallstreetbets,gmlvpmm,Apple is trash and I am trash for continuing to buy calls.,t3_lf9huy,13
1612808793.0,2021-02-08,wallstreetbets,gmlvkx6,"Everyone acting like BB didn't just pump 100% in two weeks

Is it a good long term play?  Sure

Is it going to pump 100% every month?  Nope",t3_lf9huy,12
1612808769.0,2021-02-08,wallstreetbets,gmlvixu,"here we go again now all the gme refugees fleeing to ocgn, did yall not learn your lesson about buying at the top?",t3_lf9huy,12
1612808257.0,2021-02-08,wallstreetbets,gmlud7h,"Where my green gang at?

SPWR & APHA calls to the moon.",t3_lf9huy,13
1612794681.0,2021-02-08,wallstreetbets,gml134w,Did any else see GME going up to 14% and 15% then immediately go back to 0% at market open.,t3_lf9huy,31
1612794536.0,2021-02-08,wallstreetbets,gml0tch,AMC to the moon!!! Hope yâ€™all are doing well!,t3_lf9huy,32
1612792471.0,2021-02-08,wallstreetbets,gmkx6mf,I finally got a tesla call right,t3_lf9huy,14
1612783805.0,2021-02-08,wallstreetbets,gmklba0,[deleted],t3_lf9huy,16
1612806612.0,2021-02-08,wallstreetbets,gmlqo4x,SAVA and OCGN are my jetpack today. Hopefully the former won't tank massively like it did last week when I was weezin the juice with it,t3_lf9huy,12
1612806318.0,2021-02-08,wallstreetbets,gmlq06m,APHA $30USD by EOW.  You heard it here first!,t3_lf9huy,13
1612806175.0,2021-02-08,wallstreetbets,gmlpo96,Last chance to board the OCGN rocket to the mOON!,t3_lf9huy,13
1612805612.0,2021-02-08,wallstreetbets,gmloe6n,Disappointed in everyone here for abandoning tsla talk.  Let's get back to our roots!,t3_lf9huy,13
1612805273.0,2021-02-08,wallstreetbets,gmlnmab,APHA on a moon mission rn ğŸš€ğŸš€ğŸš€,t3_lf9huy,12
1612805149.0,2021-02-08,wallstreetbets,gmlnca5,OCGN,t3_lf9huy,14
1612805108.0,2021-02-08,wallstreetbets,gmln8xm,Bunch of noobies here pumping a stock that jumped more than 200% in a day...saying it's still cheap,t3_lf9huy,12
1612804868.0,2021-02-08,wallstreetbets,gmlmpca,Ocgn is doing insane things,t3_lf9huy,14
1612804644.0,2021-02-08,wallstreetbets,gmlm6za,why is ocugen flying so high? just copped 125 shares at 16.77,t3_lf9huy,13
1612804523.0,2021-02-08,wallstreetbets,gmllwyo,# lets go paltards unite lets hit $45 once again before the ER which is on Feb. 16th! To valhalla we will ride!,t3_lf9huy,12
1612791163.0,2021-02-08,wallstreetbets,gmkv16f,TSLA and PLTR ğŸš€ğŸš€ğŸš€ğŸš€,t3_lf9huy,13
1612804163.0,2021-02-08,wallstreetbets,gmll3wn,Buy PLTR,t3_lf9huy,14
1612804140.0,2021-02-08,wallstreetbets,gmll24e,Just bought APHA calls and Iâ€™m already up 1$ Iâ€™m sorry I donâ€™t speak brokeğŸ˜ğŸ’°ğŸ’°ğŸ’°,t3_lf9huy,13
1612804119.0,2021-02-08,wallstreetbets,gmll0ge,"Wow, congrats on OCGN. How did anyone see this coming?",t3_lf9huy,14
1612804028.0,2021-02-08,wallstreetbets,gmlkt5f,[deleted],t3_lf9huy,13
1612804000.0,2021-02-08,wallstreetbets,gmlkqx6,APHRIA LMAOO MOON AND BEYOND,t3_lf9huy,13
1612792445.0,2021-02-08,wallstreetbets,gmkx50y,[deleted],t3_lf9huy,28
1612803410.0,2021-02-08,wallstreetbets,gmljftn,O C G N needs options ğŸ¤¡,t3_lf9huy,13
1612803291.0,2021-02-08,wallstreetbets,gmlj61f,APHA god damn I owned that at $3 once upon a time. ğŸ§» ğŸ–ğŸ¾,t3_lf9huy,13
1612802848.0,2021-02-08,wallstreetbets,gmli6cw,Spent all weekend learning how calls work so I can completely not know what to buy this morning.,t3_lf9huy,12
1612790538.0,2021-02-08,wallstreetbets,gmku27i,Tsla 1000 EOW,t3_lf9huy,13
1612792081.0,2021-02-08,wallstreetbets,gmkwioo,"$1K is not a meme*

*>!for TSLA!<",t3_lf9huy,28
1612789531.0,2021-02-08,wallstreetbets,gmkskbh,I remember when I got downvoted when all I would post is PALANTIR during gme and amc Iâ€™m laughing now suck my dick PLTR BABY,t3_lf9huy,42
1612790025.0,2021-02-08,wallstreetbets,gmkt9z3,Palantir calls at open it is then,t3_lf9huy,14
1612789979.0,2021-02-08,wallstreetbets,gmkt7kg,PLTR is a long hold bitches! They have consistently been building momentum since their markup to $40. These new support levels makes my nuts twitch.,t3_lf9huy,14
1612789967.0,2021-02-08,wallstreetbets,gmkt6xw,PLTR gangggg,t3_lf9huy,14
1612801276.0,2021-02-08,wallstreetbets,gmleq7o,$BB. I like.,t3_lf9huy,13
1612789719.0,2021-02-08,wallstreetbets,gmkstyu," Those calls I bought on the red day last week on DIS are a gold mine.


Still not too late to join DIS, they are gonna crush earnings.


DONT FUCK WITH THE MOUSE",t3_lf9huy,15
1612800620.0,2021-02-08,wallstreetbets,gmldb3a,BB is a cool guy he just gets a bad rap cause he hangs with some losers,t3_lf9huy,12
1612789512.0,2021-02-08,wallstreetbets,gmksjbp,Elon really loves to pump things doesnâ€™t he,t3_lf9huy,13
1612785034.0,2021-02-08,wallstreetbets,gmkmpvf,RIP pop smoke,t3_lf9huy,14
1612800325.0,2021-02-08,wallstreetbets,gmlco85,OCUGENâ˜ºï¸â˜ºï¸â˜ºï¸ğŸ˜‹ğŸ˜‹ğŸ˜‹ğŸ˜‹ğŸ˜‹ğŸ¤—ğŸ¤—ğŸ¤—ğŸ¤—,t3_lf9huy,13
1612790682.0,2021-02-08,wallstreetbets,gmkua7s,BB to tha moon ğŸš€ğŸš€ğŸš€ğŸš€ğŸš€,t3_lf9huy,31
1612799445.0,2021-02-08,wallstreetbets,gmlasht,Was in here talking up PLTR this weekend. Occasionally getting downvoted for it. Whoâ€™s laughing now,t3_lf9huy,14
1612799368.0,2021-02-08,wallstreetbets,gmlamju,PLTR TAKE OFF,t3_lf9huy,13
1612798525.0,2021-02-08,wallstreetbets,gml8u71,Palantards unite,t3_lf9huy,12
1612798186.0,2021-02-08,wallstreetbets,gml849i,ZOM is getting ready to skyrocket soon,t3_lf9huy,12
1612821582.0,2021-02-08,wallstreetbets,gmmo0le,ZOMğŸš€ğŸš€ğŸš€ğŸš€,t3_lf9huy,13
1612797875.0,2021-02-08,wallstreetbets,gml7gmg,Can bb stop following gme pls,t3_lf9huy,13
1612797113.0,2021-02-08,wallstreetbets,gml5vcz,[deleted],t3_lf9huy,13
1612819028.0,2021-02-08,wallstreetbets,gmmie9e,DIS 200 ğŸš€ğŸ’ğŸ†,t3_lf9huy,12
1612818346.0,2021-02-08,wallstreetbets,gmmgvy5,[deleted],t3_lf9huy,11
1612818137.0,2021-02-08,wallstreetbets,gmmgfir,Everything I buy dies.,t3_lf9huy,11
1612817914.0,2021-02-08,wallstreetbets,gmmfxcq,SNDL going up ğŸš€ğŸš€,t3_lf9huy,12
1612795811.0,2021-02-08,wallstreetbets,gml3929,#OCGN I'm wasting time just typing this ğŸš€ğŸš€,t3_lf9huy,13
1612795547.0,2021-02-08,wallstreetbets,gml2qbd,"Buy NIO, ridiculous that it's still going down.",t3_lf9huy,13
1612788309.0,2021-02-08,wallstreetbets,gmkqtri,So PLTR on opening?,t3_lf9huy,35
1612795363.0,2021-02-08,wallstreetbets,gml2ddk,BBğŸ™ğŸ¾ğŸ™ğŸ¾ğŸ™ğŸ¾ Pleas fly,t3_lf9huy,12
1612815257.0,2021-02-08,wallstreetbets,gmma0zr,that GME threat is really sad if you want me to be honest,t3_lf9huy,12
1612815074.0,2021-02-08,wallstreetbets,gmm9mhh," https://twitter.com/DeItaone/status/1358870762061524999?s=20 

 BlackBerry QNX has design wins with 19 of the top 25 electric vehicle OEMs, which together have 61% of the EV market.  [$BB](https://twitter.com/search?q=%24BB&src=cashtag_click)",t3_lf9huy,12
1612814775.0,2021-02-08,wallstreetbets,gmm8z68,Letâ€™s goooooo BBğŸš€ğŸš€ğŸš€ğŸš€ğŸš€ğŸš€ğŸš€,t3_lf9huy,12
1612814766.0,2021-02-08,wallstreetbets,gmm8ygc,My BB 14c are gonna print Friday,t3_lf9huy,13
1612814601.0,2021-02-08,wallstreetbets,gmm8lpa,[deleted],t3_lf9huy,12
1612794772.0,2021-02-08,wallstreetbets,gml1958,"My theory: 
A certain super rich billionaire, who cannot sell any of his stock without causing a stampede, is using his nice company to pump a specific digital cash thingy so he can sell his privately owned ones without anybody noticing.

Just a theory.",t3_lf9huy,12
1612794585.0,2021-02-08,wallstreetbets,gml0wme, ğŸš€ B ğŸš€ B ğŸš€,t3_lf9huy,13
1612786315.0,2021-02-08,wallstreetbets,gmko8xd,hoooooly shit letâ€™s go fellow palantards,t3_lf9huy,43
1612813356.0,2021-02-08,wallstreetbets,gmm5u20,"BB brings us to the Moon. Literally. 

https://twitter.com/JohnChen/status/1358853064153784321?s=19",t3_lf9huy,12
1612794317.0,2021-02-08,wallstreetbets,gml0eys,PLTR cadets - we are going to the moon ğŸŒš o7,t3_lf9huy,12
1612812836.0,2021-02-08,wallstreetbets,gmm4o92,Got 700 shares of Zom at 1.03. ğŸš€ğŸš€ğŸš€,t3_lf9huy,13
1612799336.0,2021-02-08,wallstreetbets,gmlak4e,Dont worry if it gets to $5 Iâ€™ll buy some.,t1_gml8pas,25
1612782732.0,2021-02-08,wallstreetbets,gmkk53t,"Even worse, a ğŸŒˆğŸ»!",t1_gmkk3j3,81
1612806668.0,2021-02-08,wallstreetbets,gmlqssr,Congrats and fuck you. Be sure to save some for taxes.,t1_gmlqjyf,13
1612788611.0,2021-02-08,wallstreetbets,gmkr8ul,You weathered the PLTR tsundere storm into a catalyst. Nice,t1_gmkr1ks,23
1612788608.0,2021-02-08,wallstreetbets,gmkr8og,Good ol PLTR,t1_gmkr1ks,16
1612782653.0,2021-02-08,wallstreetbets,gmkk1yu,[deleted],t1_gmkjypk,112
1612795841.0,2021-02-08,wallstreetbets,gml3b6m,I bought GME at 420 and AMC at 12.  Feel ya.,t1_gml2tsh,60
1612792831.0,2021-02-08,wallstreetbets,gmkxst3,.15 cents here,t1_gmkx2zr,102
1612806150.0,2021-02-08,wallstreetbets,gmlpm8l,You bought AeroTyne?,t1_gmlpazz,18
1612806767.0,2021-02-08,wallstreetbets,gmlr0ul,Youâ€™re the CEO now.. call for a stock split immediately.,t1_gmlpazz,14
1612806128.0,2021-02-08,wallstreetbets,gmlpkf4,You're the boss now. No need to work.,t1_gmlpazz,13
1612812088.0,2021-02-08,wallstreetbets,gmm2zys,happy birthday dipshit.,t1_gmm2wd6,19
1612812140.0,2021-02-08,wallstreetbets,gmm3411,Brain doesn't fully form until age 25.  This is proof,t1_gmm2wd6,17
1612789849.0,2021-02-08,wallstreetbets,gmkt0qw,Neopets tokens?,t1_gmksutk,86
1612791967.0,2021-02-08,wallstreetbets,gmkwbwj,"Me, too. Remember to act very busy and stressed when others can see you, then hiding somewhere and staring wide eyed and in silence.",t1_gmkvzuz,14
1612801982.0,2021-02-08,wallstreetbets,gmlg9dx,i miss you too homie,t1_gmlcmzn,92
1612818362.0,2021-02-08,wallstreetbets,gmmgx6r,MODS,t1_gmmgqaj,12
1612790735.0,2021-02-08,wallstreetbets,gmkud6y,PLTR gangğŸš€ğŸš€ğŸš€,t1_gmku7wv,74
1612794526.0,2021-02-08,wallstreetbets,gml0slv,Iâ€™m a professional at selling right before it moons.,t1_gml0p3w,33
1612802046.0,2021-02-08,wallstreetbets,gmlgeh5,It feels like it's coming back,t1_gmlgbwb,29
1612782983.0,2021-02-08,wallstreetbets,gmkkerm,Germany ğŸ‡©ğŸ‡ª No.1,t1_gmkkbqe,63
1612805674.0,2021-02-08,wallstreetbets,gmlojan,The entire GME thread when they catch wind of it,t1_gmlofar,23
1612782355.0,2021-02-08,wallstreetbets,gmkjqvf,Never underestimate our ability to fuck things up.,t1_gmkjn56,150
1612782810.0,2021-02-08,wallstreetbets,gmkk839,Just bought 5 more. Getting as many seats as possible before we take off ğŸš€ğŸŒ•,t1_gmkjn56,58
1612806128.0,2021-02-08,wallstreetbets,gmlpkel,Thatâ€™s profit buddy be happy,t1_gmlpi1c,15
1612791642.0,2021-02-08,wallstreetbets,gmkvsls,"Bears r fuk

Feel better ?",t1_gmkvp2a,18
1612800536.0,2021-02-08,wallstreetbets,gmld4il,Eh. Not worried. I didn't invest much. I'm just fuckin' around. This sub is funny AF. Worth it for price of entry.,t1_gmlak4e,24
1612793831.0,2021-02-08,wallstreetbets,gmkzjh6,"This, because they also earn interest on your cash balances.",t1_gmkxst3,30
1612802625.0,2021-02-08,wallstreetbets,gmlho9r,I was reading a news article on u getting removed last night but I thought u didn't do anything and u were calling out the others mods. I'm confused (https://mashable.com/article/reddit-steps-in-wallstreetbets-subreddit-moderator-bans/?europe=true),t1_gmlg9dx,30
1612800725.0,2021-02-08,wallstreetbets,gmldjbm,Great attitude to have. Good luck fellow retard,t1_gmld4il,21
1612805340.0,2021-02-08,wallstreetbets,gmlnru1,"Yeah, pretty much.",t1_gmlho9r,62
